brand_name,brand_slug,brand_country_code,brand_website_url,model_name,model_slug,model_code,description,release_year,msrp_usd,asin,amazon_url,current_price_usd,amazon_rating_count,amazon_average_rating,image_url,max_lumens,sustained_lumens,max_candela,beam_distance_m,runtime_max_min,runtime_500_min,turbo_stepdown_sec,beam_pattern,battery_type,recharge_type,battery_replaceable,weight_g,length_mm,head_diameter_mm,body_diameter_mm,switch_type,waterproof_rating,impact_resistance_m,body_material,use_case_tags
ACEBEAM,acebeam,CN,https://www.acebeam.com,E75,acebeam-e75,E75,"High-output 21700 EDC with Nichia 519A high-CRI option. Magnetic tailcap, USB-C charging, and excellent thermal regulation.",2023,99.90,B0CC1K16SW,https://www.amazon.com/dp/B0CC1K16SW?tag=flashlightrat-20,104.99,202,4.5,https://m.media-amazon.com/images/I/61bCwpqUHvL.jpg,3000,1000,17000,260,100,160,75,flood,21700,usb-c,true,217,129,35,28,side,IP68,1.5,Aluminum,"edc,camping"
ACEBEAM,acebeam,CN,https://www.acebeam.com,L16 2.0,acebeam-l16-2,L162,"Tactical flashlight designed for first responders with tailswitch for max output and half-press momentary. Improved v2 with larger battery, modern USB-C port, and better waterproofing.",2024,89.90,B0DD9HSY18,https://www.amazon.com/dp/B0DD9HSY18?tag=flashlightrat-20,109.90,18,4.8,https://m.media-amazon.com/images/I/61pyhnNN1zL.jpg,2100,900,42000,410,90,120,45,throw,21700,usb-c,true,148,140,35,27,dual,IP68,2.0,Aluminum,"tactical,search-rescue"
ACEBEAM,acebeam,CN,https://www.acebeam.com,Pokelit 2AA,acebeam-pokelit-2aa,POKELIT2AA,Budget-friendly AA-powered EDC flashlight with high CRI Nichia 519A LED. Excellent value for an enthusiast-grade pocket light.,2023,24.90,B0DCMHQBKQ,https://www.amazon.com/dp/B0DCMHQBKQ?tag=flashlightrat-20,28.49,403,4.5,https://m.media-amazon.com/images/I/61ui+8HZQLL.jpg,600,300,,,,,,hybrid,AA,none,true,55,96,20,20,side,IP68,1.0,Aluminum,"edc,value"
APLOS,aplos,CN,,AP20,aplos-ap20,AP20,Budget-friendly 2000-lumen scuba dive light with IPX8 waterproof rating to 100m depth. Magnetic switch and rechargeable battery included.,2023,29.99,B0BBTKFDP3,https://www.amazon.com/dp/B0BBTKFDP3?tag=flashlightrat-20,29.99,766,4.4,https://m.media-amazon.com/images/I/61FHDNYl8AL.jpg,2000,800,,200,120,180,,flood,26650,none,true,,,,,side,IPX8,1.5,Aluminum,"diving,value"
ARCHON,archon,CN,https://www.archon-led.com,J2,archon-j2,J2,2-in-1 scuba dive light with 1200-lumen white spotlight and 1500m green laser beam. Dual-button independent control for underwater signaling.,2023,139.99,B0BVH6JTM9,https://www.amazon.com/dp/B0BVH6JTM9?tag=flashlightrat-20,139.99,40,4.3,https://m.media-amazon.com/images/I/71H9s4M+q0L.jpg,1200,600,,150,120,180,,flood,18650,usb-c,true,,,,,side,IPX8,1.0,Aluminum,diving
Armytek,armytek,CA,https://www.armytek.com,Prime C2 Pro Max,armytek-prime-c2-pro-max,PRIMC2PM,Straight-body EDC flashlight with 4000 lumens and XHP70.2 LED. Deep carry pocket clip and magnetic tailcap for versatile use.,2022,105.00,B0CL12PC5N,https://www.amazon.com/dp/B0CL12PC5N?tag=flashlightrat-20,115,6,4.5,https://m.media-amazon.com/images/I/51imMeSbBIL.jpg,4000,1500,,,,,,flood,18650,usb-c,true,74,120,27,24,side,IP68,2.0,Aluminum,edc
Armytek,armytek,CA,https://www.armytek.com,Wizard C2 Pro Max,armytek-wizard-c2-pro-max,WIZC2PM,4000-lumen right-angle headlamp/EDC with XHP70.2 LED. IP68 rated to 10m submersion. Maximum output in the Wizard line.,2022,115.00,B097MSP63S,https://www.amazon.com/dp/B097MSP63S?tag=flashlightrat-20,215.32,101,4.5,https://m.media-amazon.com/images/I/51CIVk4v34L.jpg,4000,1500,,,90,130,55,flood,18650,usb-c,true,65,108,27,24,side,IP68,2.0,Aluminum,"edc,camping"
Armytek,armytek,CA,https://www.armytek.com,Wizard C2 Pro Max Warm,armytek-wizard-c2-pro-max-warm,WIZC2PMW,Right-angle headlamp/EDC with warm white LED. IP68 rated to 10m submersion. 3870 lumens with excellent color rendering.,2024,115.00,B0CYX62LTF,https://www.amazon.com/dp/B0CYX62LTF?tag=flashlightrat-20,115,5,4.5,https://m.media-amazon.com/images/I/51CIVk4v34L.jpg,3870,1500,,,,,,flood,18650,usb-c,true,65,108,27,24,side,IP68,2.0,Aluminum,"edc,camping,value"
Cloud Defensive,cloud-defensive,US,https://www.clouddefensive.com,REIN Dual Fuel,cloud-defensive-rein-df,REINDF,US-made tactical weapon light with dual-fuel capability. Potted electronics and complete kit with remote switch and mount.,2023,349.99,B0BQXL2PCB,https://www.amazon.com/dp/B0BQXL2PCB?tag=flashlightrat-20,349.99,94,4.4,https://m.media-amazon.com/images/I/61t-K2-Mt1L.jpg,1100,600,71000,533,60,75,30,throw,18650,none,true,196,152,28,25.4,tail,IPX8,2.0,Aluminum,"weapon-mount,tactical"
Cloud Defensive,cloud-defensive,US,https://www.clouddefensive.com,REIN Micro,cloud-defensive-rein-micro,REINMICRO,Compact US-made weapon light with dual fuel Picatinny mount. Potted electronics for bomb-proof reliability.,2023,329.94,B0CKY7BBGK,https://www.amazon.com/dp/B0CKY7BBGK?tag=flashlightrat-20,329.94,28,4.7,https://m.media-amazon.com/images/I/61YezrtndKL.jpg,,,,,,,,throw,18650,none,true,,,,,tail,IPX8,2.0,Aluminum,"weapon-mount,tactical"
Coast,coast,US,https://www.coastportland.com,G60R,coast-g60r,G60R,1000-lumen waterproof rechargeable LED flashlight. Compact and affordable with Coast's Pure Beam focusing optic.,2024,28.32,B0DJS1P4RL,https://www.amazon.com/dp/B0DJS1P4RL?tag=flashlightrat-20,28.32,317,4.6,https://m.media-amazon.com/images/I/71G-pV0ycrL.jpg,1000,400,,,,,,hybrid,,usb-c,true,,,,,side,IPX8,1.0,Aluminum,"edc,value"
Coast,coast,US,https://www.coastportland.com,HP7R,coast-hp7r,HP7R,300-lumen rechargeable LED flashlight with slide focus beam. Durable and compact for everyday use with Coast quality.,2019,39.99,B00BHVNVQ6,https://www.amazon.com/dp/B00BHVNVQ6?tag=flashlightrat-20,90.49,196,4.6,https://m.media-amazon.com/images/I/61DOz3Tm3aL.jpg,300,150,,,,,,hybrid,,usb-c,true,,,,,side,IPX4,1.0,Aluminum,"edc,value"
Coast,coast,US,https://www.coastportland.com,Polysteel 700R,coast-polysteel-700r,PS700R,800-lumen rechargeable flashlight with steel core and polymer jacket. Nearly indestructible waterproof construction.,2020,44.99,B0B4RDCZL2,https://www.amazon.com/dp/B0B4RDCZL2?tag=flashlightrat-20,19.22,79,4.2,https://m.media-amazon.com/images/I/51oWsBLtshL.jpg,800,400,,,,,,hybrid,,usb-c,true,,,,,side,IPX8,2.0,Polymer,"camping,survival,value"
Coast,coast,US,https://www.coastportland.com,XP11R,coast-xp11r,XP11R,2600-lumen USB-C rechargeable LED flashlight. Coast's high-output duty light with Pure Beam slide focus.,2021,42.17,B08L8C7DTW,https://www.amazon.com/dp/B08L8C7DTW?tag=flashlightrat-20,42.17,1769,4.5,https://m.media-amazon.com/images/I/41mFf8nnpKL.jpg,2600,1000,,,,,,hybrid,,usb-c,true,,,,,side,IPX8,1.0,Aluminum,"tactical,camping"
Coast,coast,US,https://www.coastportland.com,XPH30R,coast-xph30r,XPH30R,"1200-lumen USB-C rechargeable headlamp with dual power and slide focus. Coast's best-selling headlamp, Portland OR made.",2021,64.99,B08L8CQPPL,https://www.amazon.com/dp/B08L8CQPPL?tag=flashlightrat-20,47.58,5249,4.6,https://m.media-amazon.com/images/I/61sw73FEgcL.jpg,1200,600,,,,,,hybrid,,usb-c,true,,,,,side,IPX4,1.0,Aluminum,camping
Eagletac,eagletac,CA,https://www.eagletac.com,D3C Clicky Ti,eagletac-d3c-ti,D3CTI,Titanium-body compact EDC flashlight with XM-L2 LED. Premium materials and build quality from a respected enthusiast brand.,2023,79.90,B0C1Q2DRN5,https://www.amazon.com/dp/B0C1Q2DRN5?tag=flashlightrat-20,79.9,2,5,https://m.media-amazon.com/images/I/41b8lF-CF-L.jpg,800,400,,,60,,,hybrid,CR123A,none,true,,,,,side,IPX8,1.5,Titanium,"edc,tactical"
Elzetta,elzetta,US,https://www.elzetta.com,Bravo,elzetta-bravo,B452,Two-cell US-made tactical light. Extended runtime from dual CR123A cells. Bomb-proof potted electronics construction.,2020,259.00,B09MMMXFY6,https://www.amazon.com/dp/B09MMMXFY6?tag=flashlightrat-20,236.5,120,4.7,https://m.media-amazon.com/images/I/61diMMaEDmL.jpg,850,400,12500,224,200,240,120,hybrid,CR123A,none,true,198,142,35,25.4,tail,IPX8,3.0,Aluminum,"tactical,survival"
Elzetta,elzetta,US,https://www.elzetta.com,Charlie,elzetta-charlie,C133,Three-cell US-made modular flashlight. Milled from bar-stock aluminum with potted electronics and lifetime guarantee.,2020,249.00,B091RHZQ66,https://www.amazon.com/dp/B091RHZQ66?tag=flashlightrat-20,247.5,150,4.7,https://m.media-amazon.com/images/I/61A1YrVOKJS.jpg,1350,650,26000,322,90,120,60,hybrid,CR123A,none,true,210,178,35,25.4,tail,IPX8,3.0,Aluminum,"tactical,survival"
Energizer,energizer,US,https://www.energizer.com,Auto-On LED Rechargeable,energizer-auto-on,ENAUTOON,Auto-on LED flashlights with USB rechargeable batteries. Turn on automatically when picked up. Mega best-seller on Amazon.,2021,31.49,B08WCHXYLP,https://www.amazon.com/dp/B08WCHXYLP?tag=flashlightrat-20,31.49,18759,4.7,https://m.media-amazon.com/images/I/51k-XEInjwL.jpg,,,,,,,,hybrid,,usb-c,false,,,,,side,IPX4,1.0,Polymer,"edc,value"
Energizer,energizer,US,https://www.energizer.com,HC200 Headlamp,energizer-hc200,HC200,200-lumen LED headlamp with multiple modes and red night vision. Lightweight and affordable with wide availability.,2020,14.99,B092RHC2FY,https://www.amazon.com/dp/B092RHC2FY?tag=flashlightrat-20,19.98,7368,4.7,https://m.media-amazon.com/images/I/71R6M2P3r1S.jpg,200,100,,,,,,flood,AAA,none,true,,,,,side,IPX4,1.0,Polymer,"camping,value"
Energizer,energizer,US,https://www.energizer.com,Vision HD+ PRO,energizer-vision-hd-pro,ENHDFRL8,Ultra-bright LED flashlight with digital focus. IPX4 water resistant. Widely available at retail with great value.,2022,24.99,B094LMMGQ7,https://www.amazon.com/dp/B094LMMGQ7?tag=flashlightrat-20,24.99,6822,4.4,https://m.media-amazon.com/images/I/71eaVT5pqCL.jpg,,,,,,,,hybrid,,none,true,,,,,side,IPX4,1.0,Polymer,"camping,value"
Fenix,fenix,CN,https://www.fenixlight.com,E35R,fenix-e35r,E35R,3100-lumen USB-C rechargeable EDC flashlight. Successor to the E35 V3 with improved output and refined ergonomics.,2023,89.95,B0BW4WNN9K,https://www.amazon.com/dp/B0BW4WNN9K?tag=flashlightrat-20,80.45,586,4.5,https://m.media-amazon.com/images/I/71mszGscifL.jpg,3100,1000,18000,270,90,140,60,flood,21700,usb-c,true,114,122,28,25.4,side,IP68,1.5,Aluminum,"edc,camping"
Fenix,fenix,CN,https://www.fenixlight.com,HM70R,fenix-hm70r,HM70R,"1600-lumen USB-C rechargeable headlamp with triple light sources. Versatile camping, hiking, and trail running headlamp.",2021,99.95,B09FV6413D,https://www.amazon.com/dp/B09FV6413D?tag=flashlightrat-20,99.95,523,4.7,https://m.media-amazon.com/images/I/71es6HFLifL.jpg,1600,700,,,,,,flood,21700,usb-c,true,,,,,side,IP68,1.5,Aluminum,camping
Fenix,fenix,CN,https://www.fenixlight.com,LD30R,fenix-ld30r,LD30R,1700-lumen compact outdoor flashlight with USB-C charging. Excellent balance of output and runtime in a pocketable size.,2023,79.95,B0CL57DZ91,https://www.amazon.com/dp/B0CL57DZ91?tag=flashlightrat-20,80.45,59,4.6,https://m.media-amazon.com/images/I/71h6zOTyuhL.jpg,1700,700,18000,267,90,140,60,hybrid,21700,usb-c,true,114,118,28,25.4,side,IP68,1.5,Aluminum,"edc,camping"
Fenix,fenix,CN,https://www.fenixlight.com,PD26R ACE,fenix-pd26r-ace,PD26RACE,1300-lumen compact tactical EDC with Luminus SFT25R LED. Ultra-compact at 106mm with 354m throw for its size.,2024,79.95,B0FR67THXX,https://www.amazon.com/dp/B0FR67THXX?tag=flashlightrat-20,79.95,42,4.8,https://m.media-amazon.com/images/I/71HojDOobEL.jpg,1300,600,31000,354,60,90,40,throw,18650,usb-c,true,102,106,27,24.6,dual,IP68,1.5,Aluminum,"tactical,edc"
Fenix,fenix,CN,https://www.fenixlight.com,PD35 V3.0,fenix-pd35-v3,PD35V3,Rechargeable tactical flashlight with 1700 lumens. Successor to the legendary PD35 series. Fenix's most popular tactical light.,2022,74.99,B09CSDLSWW,https://www.amazon.com/dp/B09CSDLSWW?tag=flashlightrat-20,74.99,552,4.6,https://m.media-amazon.com/images/I/61xohn-AzXL.jpg,1700,700,,,,,,hybrid,18650,usb-c,true,,,,,dual,IPX8,1.5,Aluminum,"tactical,edc"
Fenix,fenix,CN,https://www.fenixlight.com,PD36R Pro,fenix-pd36r-pro,PD36RPRO,USB-C rechargeable tactical-style light with Luminus SFT70 LED. Dual rear switches for tactical and regular modes.,2022,119.95,B0BGMZ4YNC,https://www.amazon.com/dp/B0BGMZ4YNC?tag=flashlightrat-20,120.45,579,4.8,https://m.media-amazon.com/images/I/71HxQuMMKuL.jpg,2800,1000,36000,380,180,220,120,hybrid,21700,usb-c,true,169,145,27,27,dual,IP68,1.5,Aluminum,"tactical,camping"
Fenix,fenix,CN,https://www.fenixlight.com,TK16 V2.0,fenix-tk16-v2,TK16V2,3100-lumen tactical flashlight with Luminus SST70 LED. Mechanical tail switch with momentary and constant-on for tactical operation.,2024,109.95,B08V8H75Q7,https://www.amazon.com/dp/B08V8H75Q7?tag=flashlightrat-20,99.95,85,4.7,https://m.media-amazon.com/images/I/71VdoqXgr2L.jpg,3100,1000,36100,380,90,120,45,throw,21700,usb-c,true,112,143,34,25.4,dual,IP68,1.5,Aluminum,tactical
Fenix,fenix,CN,https://www.fenixlight.com,TK22 V2.0,fenix-tk22-v2,TK22V2,1600-lumen dedicated throw tactical flashlight with 405m beam distance. Designed for law enforcement and search operations.,2021,89.95,B09WT6DQSL,https://www.amazon.com/dp/B09WT6DQSL?tag=flashlightrat-20,130.45,252,4.7,https://m.media-amazon.com/images/I/71TXFQJ4g9L.jpg,1600,700,41000,405,120,180,60,throw,21700,usb-c,true,152,155,40,25.4,tail,IP68,1.5,Aluminum,"tactical,search-rescue"
IMALENT,imalent,CN,https://www.imalent.com,LD70,imalent-ld70,LD70,4000-lumen pocket EDC flashlight. Compact form factor with extreme output. USB-C rechargeable with OLED display.,2023,41.95,B0CDGG85FR,https://www.amazon.com/dp/B0CDGG85FR?tag=flashlightrat-20,41.95,1686,4.2,https://m.media-amazon.com/images/I/61er+GtI7dL.jpg,4000,1200,,,,,,flood,,usb-c,false,,,,,side,IPX8,1.0,Aluminum,"edc,value"
IMALENT,imalent,CN,https://www.imalent.com,MS32,imalent-ms32,MS32,"World's brightest flashlight at 200,000 lumens. 32x LEDs with active cooling fan and OLED display. Successor to the legendary MS18.",2024,599.95,B0CRHRJWMC,https://www.amazon.com/dp/B0CRHRJWMC?tag=flashlightrat-20,562.44,143,4.4,https://m.media-amazon.com/images/I/61uHkcKNvVL.jpg,200000,40000,,,60,,15,flood,21700,usb-c,false,,,,,side,IPX8,1.0,Aluminum,search-rescue
IMALENT,imalent,CN,https://www.imalent.com,SR16,imalent-sr16,SR16,55000-lumen rechargeable flashlight with multiple LEDs and active cooling. Extreme output for search and rescue operations.,2023,295.96,B0BKLG5XKJ,https://www.amazon.com/dp/B0BKLG5XKJ?tag=flashlightrat-20,295.96,87,4.3,https://m.media-amazon.com/images/I/817KOpNLM-L.jpg,55000,15000,,,60,,15,flood,21700,usb-c,false,,,,,side,IPX8,1.0,Aluminum,search-rescue
JETBeam,jetbeam,CN,https://www.jetbeamlight.com,E26,jetbeam-e26,E26,3000-lumen rechargeable flashlight with modern UI. JETBeam's current flagship EDC with USB-C charging and high output.,2024,76.49,B0F4KQ4M2G,https://www.amazon.com/dp/B0F4KQ4M2G?tag=flashlightrat-20,76.49,35,4.2,https://m.media-amazon.com/images/I/51v9xb+ONVL.jpg,3000,1000,,,90,,,hybrid,21700,usb-c,true,,,,,side,IPX8,1.5,Aluminum,"edc,value"
JETBeam,jetbeam,CN,https://www.jetbeamlight.com,RRT0 PRO,jetbeam-rrt0-pro,RRT0PRO,1680-lumen flashlight with smooth rotary ring for infinite brightness control. Updated version of the classic RRT0.,2024,39.99,B0FPMDS99K,https://www.amazon.com/dp/B0FPMDS99K?tag=flashlightrat-20,39.99,9,4.6,https://m.media-amazon.com/images/I/61urZE0QhtL.jpg,1680,700,,,90,,,hybrid,CR123A,none,true,,,,,rotary,IPX8,1.5,Aluminum,"tactical,edc"
Klarus,klarus,CN,https://www.klaruslight.com,E5,klarus-e5,E5,Ultra-compact rechargeable EDC pocket flashlight. Slim design with high output for its size. One of Klarus's best sellers.,2023,14.95,B0CNBL41QG,https://www.amazon.com/dp/B0CNBL41QG?tag=flashlightrat-20,14.95,1919,4.5,https://m.media-amazon.com/images/I/61METALpfCL.jpg,470,200,,,45,,,flood,,usb-c,false,,,,,side,IP65,1.0,Aluminum,"edc,keychain,value"
Klarus,klarus,CN,https://www.klaruslight.com,HC3,klarus-hc3,HC3,Rechargeable motion-sensor cap visor clip light. Hands-free illumination for running and working. 5.5k+ ratings.,2019,16.95,B07W6MWTMH,https://www.amazon.com/dp/B07W6MWTMH?tag=flashlightrat-20,16.95,5451,4.6,https://m.media-amazon.com/images/I/51G89mg6PNL.jpg,,,,,,,,flood,,usb-c,false,,,,,side,,,Polymer,"camping,value"
Klarus,klarus,CN,https://www.klaruslight.com,XT11GT Pro,klarus-xt11gt-pro,XT11GTPRO,2200-lumen tactical flashlight with dual tail switches. Instant access to turbo and strobe for LE and military use.,2022,89.95,B08HJ7C7JP,https://www.amazon.com/dp/B08HJ7C7JP?tag=flashlightrat-20,89.95,142,4.5,https://m.media-amazon.com/images/I/71oaS+a4JJL.jpg,2200,900,28000,335,90,120,45,throw,21700,usb-c,true,155,145,40,27,dual,IPX8,1.5,Aluminum,tactical
Klarus,klarus,CN,https://www.klaruslight.com,XT21X Pro,klarus-xt21x-pro,XT21XPRO,High-output tactical light with dual-switch design. Instant turbo and strobe access for tactical operation.,2023,109.95,B09PTYKPKQ,https://www.amazon.com/dp/B09PTYKPKQ?tag=flashlightrat-20,109.95,137,4.4,https://m.media-amazon.com/images/I/71Rzxhi0BrL.jpg,4400,1400,19500,336,120,160,60,hybrid,21700,usb-c,true,172,153,40,27,dual,IPX8,1.5,Aluminum,"tactical,camping"
Lumintop,lumintop,CN,https://www.lumintop.com,EDC01,lumintop-edc01,EDC01,120-lumen keychain flashlight powered by single AAA battery. Ultra-compact with Nichia 219CT high-CRI LED option.,2018,9.99,B07FXGFJYJ,https://www.amazon.com/dp/B07FXGFJYJ?tag=flashlightrat-20,9.99,3926,4.4,https://m.media-amazon.com/images/I/51jnBclmelL.jpg,120,60,,,,,,flood,AAA,none,true,,,,,tail,,,Aluminum,"keychain,edc,value"
Lumintop,lumintop,CN,https://www.lumintop.com,GT Nano,lumintop-gt-nano,GTNANO,Keychain-size thrower flashlight with 450 lumens and 300m beam distance. Remarkable throw from an ultra-compact 10440 light.,2021,29.99,B0F5B3WZ59,https://www.amazon.com/dp/B0F5B3WZ59?tag=flashlightrat-20,35.99,30,4.5,https://m.media-amazon.com/images/I/41Pp0kdJyML.jpg,450,200,12500,224,30,,,throw,,none,true,24,62,22,22,side,IPX8,1.5,Aluminum,"keychain,edc"
Lumintop,lumintop,CN,https://www.lumintop.com,Thor Mini LEP,lumintop-thor-mini,THORMINI,Rechargeable LEP flashlight with extreme throw in a compact form. Laser-excited phosphor for pencil-thin beam at distance.,2024,99.99,B0D7Q6G4WN,https://www.amazon.com/dp/B0D7Q6G4WN?tag=flashlightrat-20,99.99,126,4.2,https://m.media-amazon.com/images/I/41hbyFIFANL.jpg,,,,,45,,,throw,18650,usb-c,true,,,,,side,IPX8,1.5,Aluminum,"tactical,search-rescue"
Lumintop,lumintop,CN,https://www.lumintop.com,Tool AA 2.0,lumintop-tool-aa-2,TOOLAA2,Pocket-sized AA/14500 EDC flashlight with tail switch. One of the most recommended budget lights in the flashlight community.,2020,19.99,B07BLTP9ZD,https://www.amazon.com/dp/B07BLTP9ZD?tag=flashlightrat-20,19.99,5318,4.5,https://m.media-amazon.com/images/I/51+TcotEcgL.jpg,650,300,,,60,,,hybrid,AA,none,true,59,89,18.5,18.5,tail,IPX8,1.5,Aluminum,"edc,value,camping"
MagLite,maglite,US,https://www.maglite.com,Mini PRO LED,maglite-mini-pro-led,SP2P,Mini PRO LED 2-cell AA flashlight with holster. Made in USA. Classic pocket-size MagLite with modern LED upgrade.,2015,19.99,B005UUSAAM,https://www.amazon.com/dp/B005UUSAAM?tag=flashlightrat-20,19.99,10145,4.6,https://m.media-amazon.com/images/I/51m7QYk0CDL.jpg,272,150,,,,,,hybrid,AA,none,true,,,,,tail,IPX4,1.0,Aluminum,"edc,value"
MagLite,maglite,US,https://www.maglite.com,ML300L LED 4D,maglite-ml300l-led,ML300L,"High-lumens LED upgrade of the classic full-size MagLite. Made in USA in Ontario, California. Long D-cell runtime.",2019,44.99,B07KLW5G4N,https://www.amazon.com/dp/B07KLW5G4N?tag=flashlightrat-20,44.99,756,4.7,https://m.media-amazon.com/images/I/51XkLLZiDNL.jpg,,,,,,,,flood,,none,true,,318,47,47,side,IPX4,1.0,Aluminum,"camping,survival"
MagLite,maglite,US,https://www.maglite.com,XL50 LED,maglite-xl50,XL50,200-lumen compact AAA flashlight with multi-mode electronic switch. Made in USA with classic MagLite quality.,2012,29.50,B004JJQ3UY,https://www.amazon.com/dp/B004JJQ3UY?tag=flashlightrat-20,26.99,2227,4.7,https://m.media-amazon.com/images/I/61vw-Wo3I0L.jpg,200,100,,,,,,hybrid,AAA,none,true,,122,21,21,side,IPX4,1.0,Aluminum,"edc,value"
NITECORE,nitecore,CN,https://www.nitecorestore.com,EDC37,nitecore-edc37,EDC37,8000-lumen flat-shape EDC flashlight. Extremely high output in a flat pocketable form factor. USB-C rechargeable.,2024,118.95,B0FDBQGDW2,https://www.amazon.com/dp/B0FDBQGDW2?tag=flashlightrat-20,118.95,346,4.5,https://m.media-amazon.com/images/I/71cwe-xcH8L.jpg,8000,2000,,,,,,flood,,usb-c,false,,,,,side,IPX8,1.5,Aluminum,edc
NITECORE,nitecore,CN,https://www.nitecorestore.com,MH12 Pro,nitecore-mh12-pro,MH12PRO,Compact tactical EDC with NiteLab UHi 40 LED. 3300 lumens and 505m throw in a sub-155mm package with USB-C charging.,2024,89.95,B0CDZK352T,https://www.amazon.com/dp/B0CDZK352T?tag=flashlightrat-20,89.95,8,4,https://m.media-amazon.com/images/I/71fWANuIF4L.jpg,3300,1100,63000,505,140,190,80,throw,21700,usb-c,true,121,155,25.4,25.4,dual,IP68,1.0,Aluminum,"tactical,edc,search-rescue"
NITECORE,nitecore,CN,https://www.nitecorestore.com,MT2A Pro,nitecore-mt2a-pro,MT2APRO,1000-lumen EDC flashlight powered by standard AA batteries. 279-yard throw with easy battery sourcing worldwide.,2023,44.95,B0CM4LM1K9,https://www.amazon.com/dp/B0CM4LM1K9?tag=flashlightrat-20,44.95,930,4.5,https://m.media-amazon.com/images/I/71zIushyWVL.jpg,1000,400,,279,,,,hybrid,AA,none,true,,,,,side,IPX8,1.0,Aluminum,"edc,value"
NITECORE,nitecore,CN,https://www.nitecorestore.com,NU25 MCT UL,nitecore-nu25-mct-ul,NU25MCT,400-lumen ultralight headlamp. Multi-color trail running headlamp with white/red/high-CRI modes. Only 28g.,2024,31.41,B0FGFQM41T,https://www.amazon.com/dp/B0FGFQM41T?tag=flashlightrat-20,31.41,1129,4.8,https://m.media-amazon.com/images/I/71SV4mCgrTL.jpg,400,200,,,,,,flood,,usb-c,false,28,,,,side,,,Polymer,"camping,value"
NITECORE,nitecore,CN,https://www.nitecorestore.com,P20iX,nitecore-p20ix,P20IX,4000-lumen tactical flashlight with instant strobe. USB-C rechargeable with 21700 battery. Built for LE/mil use.,2021,119.95,B094YQQ9VM,https://www.amazon.com/dp/B094YQQ9VM?tag=flashlightrat-20,119.95,1252,4.5,https://m.media-amazon.com/images/I/71KvH5kmE5L.jpg,4000,1200,,,,,,hybrid,21700,usb-c,true,,,,,dual,IPX8,1.5,Aluminum,tactical
OrcaTorch,orcatorch,CN,https://www.orcatorch.com,D530,orcatorch-d530,D530,1500-lumen scuba dive light with 7-degree narrow beam angle and titanium alloy switch. IP68 rated to 150m depth for cave and night diving.,2022,89.95,B07MTGCMKG,https://www.amazon.com/dp/B07MTGCMKG?tag=flashlightrat-20,89.95,487,4.8,https://m.media-amazon.com/images/I/61yFXoz9rKL.jpg,1500,800,,291,420,,,throw,,none,true,,,,,side,IPX8,2.0,Aluminum,diving
OrcaTorch,orcatorch,CN,https://www.orcatorch.com,D710,orcatorch-d710,D710,3000-lumen professional dive light with 6-degree narrow beam and titanium alloy side switch. Four brightness levels with 7hr runtime on low.,2023,159.95,B091TVY7YR,https://www.amazon.com/dp/B091TVY7YR?tag=flashlightrat-20,159.95,662,4.6,https://m.media-amazon.com/images/I/718RfjmIFxL.jpg,3000,1700,,350,420,,,throw,26650,none,true,,,,,side,IPX8,2.0,Aluminum,diving
OrcaTorch,orcatorch,CN,https://www.orcatorch.com,ZD710 MK2,orcatorch-zd710-mk2,ZD710MK2,2-in-1 zoomable dive light with 4-72 degree adjustable beam. 212500 candela peak intensity and 920m range for long-distance underwater spotting.,2024,184.98,B0D7HCKTQD,https://www.amazon.com/dp/B0D7HCKTQD?tag=flashlightrat-20,184.98,164,4.8,https://m.media-amazon.com/images/I/7155jBuMFxL.jpg,1500,880,212500,920,720,,,hybrid,26650,none,true,,,,,side,IPX8,2.0,Aluminum,diving
OrcaTorch,orcatorch,CN,https://www.orcatorch.com,DC710,orcatorch-dc710,DC710,3000-lumen dive light with USB-C charging and wrist strap mount for hands-free diving. Four brightness levels with turbo mode.,2024,159.95,B0D2RML9CX,https://www.amazon.com/dp/B0D2RML9CX?tag=flashlightrat-20,159.95,86,4.6,https://m.media-amazon.com/images/I/71go7WrZvFL.jpg,3000,1700,,350,420,,,throw,26650,usb-c,true,,,,,side,IPX8,2.0,Aluminum,diving
Olight,olight,CN,https://www.olightstore.com,ArkPro,olight-arkpro,ARKPRO,Rechargeable flat EDC flashlight with magnetic charging. Ultra-slim form factor for pocket carry. Olight's best-selling EDC.,2024,84.99,B0FGND9HR1,https://www.amazon.com/dp/B0FGND9HR1?tag=flashlightrat-20,84.99,811,4.8,https://m.media-amazon.com/images/I/51sdhXFI35L.jpg,,,,,,,,,,,false,,,,,side,IPX8,1.5,Aluminum,"edc,value"
Olight,olight,CN,https://www.olightstore.com,ArkPro Ultra,olight-arkpro-ultra,ARKPROULTRA,Premium flat EDC flashlight with rechargeable design and ultra-slim form factor. Flagship Olight everyday carry light.,2024,129.99,B0FGJ3G6V8,https://www.amazon.com/dp/B0FGJ3G6V8?tag=flashlightrat-20,110.49,761,4.8,https://m.media-amazon.com/images/I/51BtC6cyQ4L.jpg,,,,,,,,,,,false,,,,,side,IPX8,1.5,Aluminum,edc
Olight,olight,CN,https://www.olightstore.com,Baton 3 Pro,olight-baton-3-pro,BATON3PRO,1500-lumen rechargeable EDC flashlight with proximity sensor. Premium build with magnetic charging and pocket clip.,2022,79.99,B0CHFCCZT8,https://www.amazon.com/dp/B0CHFCCZT8?tag=flashlightrat-20,38.49,1533,4.7,https://m.media-amazon.com/images/I/61muOMGrhcL.jpg,1500,600,,210,60,90,30,hybrid,18650,magnetic,false,97,112,26,24,side,IPX8,1.5,Aluminum,"edc,camping"
Olight,olight,CN,https://www.olightstore.com,I3T 2 EOS,olight-i3t-2-eos,I3T2,200-lumen dual-output pocket EDC flashlight. AAA-powered for simplicity. Excellent build quality at an entry-level price.,2023,13.99,B0CHMV8G9W,https://www.amazon.com/dp/B0CHMV8G9W?tag=flashlightrat-20,13.99,2607,4.7,https://m.media-amazon.com/images/I/51g0E36b4rL.jpg,200,100,,,,,,hybrid,AAA,none,true,,,,,tail,IPX8,1.5,Aluminum,"edc,value"
Olight,olight,CN,https://www.olightstore.com,IMINI 2,olight-imini-2,IMINI2,Rechargeable keychain flashlight with 50-lumen output. Tiny form factor with magnetic USB charging. 8k+ ratings on Amazon.,2023,13.28,B0C54ZH8WW,https://www.amazon.com/dp/B0C54ZH8WW?tag=flashlightrat-20,13.28,8336,4.8,https://m.media-amazon.com/images/I/51i2xfO0+ZL.jpg,50,30,,,,,,flood,,usb-c,false,,,,,side,,,Aluminum,"keychain,edc"
Olight,olight,CN,https://www.olightstore.com,Marauder Mini,olight-marauder-mini,MARAUDERMINI,7000-lumen compact searchlight with 600m throw. RGB aux lights and wireless charging. Olight's versatile power performer.,2023,199.99,B0FP17L2VZ,https://www.amazon.com/dp/B0FP17L2VZ?tag=flashlightrat-20,175.99,205,4.8,https://m.media-amazon.com/images/I/61sIM3yuFtL.jpg,7000,2000,90000,600,60,75,20,throw,21700,usb-c,false,468,128,62,40,side,IPX8,1.5,Aluminum,"search-rescue,tactical"
Olight,olight,CN,https://www.olightstore.com,Oclip Pro,olight-oclip-pro,OCLIPPRO,Clip-on EDC flashlight with 360-degree rotating clip. Hands-free use on hats or packs. Rechargeable with great versatility.,2024,31.99,B0DDC4MH84,https://www.amazon.com/dp/B0DDC4MH84?tag=flashlightrat-20,31.99,2841,4.7,https://m.media-amazon.com/images/I/61G9KRqAG1L.jpg,,,,,,,,flood,,usb-c,false,,,,,side,,1.0,Polymer,"edc,camping,value"
Olight,olight,CN,https://www.olightstore.com,Seeker 4 Pro,olight-seeker-4-pro,SEEKER4PRO,4600-lumen rechargeable high-output flashlight with USB-C and holster. Olight's most powerful handheld for outdoor and emergency.,2023,149.99,B0C9Q3Q62Q,https://www.amazon.com/dp/B0C9Q3Q62Q?tag=flashlightrat-20,129.99,534,4.6,https://m.media-amazon.com/images/I/619R9dvTphL.jpg,4600,1500,,260,60,90,30,flood,21700,usb-c,true,223,133,43,30,side,IPX8,1.5,Aluminum,"camping,search-rescue"
Olight,olight,CN,https://www.olightstore.com,Warrior 3S,olight-warrior-3s,WARRIOR3S,2300-lumen dual-switch tactical flashlight with proximity sensor. Tail switch for tactical and side switch for daily use.,2023,119.99,B09WYCPC1N,https://www.amazon.com/dp/B09WYCPC1N?tag=flashlightrat-20,83.97,1993,4.6,https://m.media-amazon.com/images/I/61cTz8vzIzL.jpg,2300,900,28000,335,90,120,45,hybrid,21700,magnetic,true,180,139,33,27,dual,IPX8,1.5,Aluminum,"tactical,edc"
Pelican,pelican,US,https://www.pelican.com,7070R,pelican-7070r,7070R,1400-lumen rechargeable tactical duty flashlight with strobe. Full-size duty light with Pelican's unconditional lifetime guarantee.,2021,134.95,B07CND7YFG,https://www.amazon.com/dp/B07CND7YFG?tag=flashlightrat-20,59.95,10,3.5,https://m.media-amazon.com/images/I/61-zQDdE8FL.jpg,1400,700,21000,290,100,140,50,hybrid,18650,usb-c,true,195,174,33,25.4,dual,IPX8,1.0,Aluminum,tactical
Pelican,pelican,US,https://www.pelican.com,7610,pelican-7610,7610,Tactical LED flashlight with 982 lumens. USB rechargeable with strobe mode. Unconditional lifetime guarantee from Pelican.,2019,94.95,B07CN3SRGT,https://www.amazon.com/dp/B07CN3SRGT?tag=flashlightrat-20,94.95,48,4.3,https://m.media-amazon.com/images/I/51yHF3YpHkL.jpg,982,450,,,,,,hybrid,18650,usb-c,true,,,,,dual,IPX8,1.0,Aluminum,"tactical,edc"
Pelican,pelican,US,https://www.pelican.com,7620,pelican-7620,7620,High-output tactical duty flashlight with USB charging. Multiple brightness modes and strobe. Widely issued to LE agencies.,2019,114.95,B07JB51C6M,https://www.amazon.com/dp/B07JB51C6M?tag=flashlightrat-20,190.63,57,4.4,https://m.media-amazon.com/images/I/61stk-2Hj3L.jpg,1124,550,20000,283,100,140,50,hybrid,18650,usb-c,true,177,164,28,25.4,dual,IPX8,1.0,Aluminum,tactical
Princeton Tec,princeton-tec,US,https://www.princetontec.com,Byte,princeton-tec-byte,BYTE,Compact 100-lumen headlamp with red/white modes. Simple 3-AAA design for camping and hiking. IPX4 water resistance.,2020,30.99,B07BNMDJBF,https://www.amazon.com/dp/B07BNMDJBF?tag=flashlightrat-20,30.99,617,4.6,https://m.media-amazon.com/images/I/61b2qo98mlL.jpg,200,100,,,,,,flood,AAA,none,true,,,,,side,IPX4,1.0,Polymer,"camping,value"
RovyVon,rovyvon,CN,https://www.rovyvon.com,Aurora A3,rovyvon-aurora-a3,A3,Keychain-class compact light for ultra-portable carry. USB-C rechargeable with magnetic clip. Weighs only 21g.,2021,39.95,B08RZ9Y7QT,https://www.amazon.com/dp/B08RZ9Y7QT?tag=flashlightrat-20,26.95,589,4.4,https://m.media-amazon.com/images/I/61Y8DRSdhZL.jpg,650,250,1200,70,55,90,40,flood,,usb-c,false,21,60,15,15,side,IP66,1.0,Aluminum,"keychain,edc,value"
RovyVon,rovyvon,CN,https://www.rovyvon.com,Aurora A5,rovyvon-aurora-a5,A5,Upgraded keychain flashlight with 650 lumens and secondary UV/red LEDs. Titanium or aluminum body with integrated USB-C charging.,2022,42.95,B0B71M8DB5,https://www.amazon.com/dp/B0B71M8DB5?tag=flashlightrat-20,26.95,513,4.8,https://m.media-amazon.com/images/I/51mSXuoFdnL.jpg,650,250,,,,,,flood,,usb-c,false,25,65,17,17,side,IP66,1.0,Aluminum,"keychain,edc"
ScubaPro,scubapro,IT,https://www.scubapro.com,Nova 250,scubapro-nova-250,NOVA250,Compact dive light with 250 lumens and 12-degree beam angle. Rugged aluminum body with shrouded light head to prevent blinding other divers.,2019,119.00,B07NH9LKSH,https://www.amazon.com/dp/B07NH9LKSH?tag=flashlightrat-20,119.00,36,4.1,https://m.media-amazon.com/images/I/71XbxY7YFSL.jpg,250,200,,100,300,,,throw,AAA,none,true,70,100,26,26,side,IPX8,1.5,Aluminum,diving
Skilhunt,skilhunt,CN,https://www.skilhunt.com,H04RC,skilhunt-h04rc,H04RC,Right-angle 18650 headlamp with magnetic tailcap and USB-C charging. Enthusiast-favorite for outdoor and camping use.,2023,49.99,B088FRZLV2,https://www.amazon.com/dp/B088FRZLV2?tag=flashlightrat-20,49.99,264,4.6,https://m.media-amazon.com/images/I/51SPHJ8DGLL.jpg,1200,500,,,,,,flood,18650,usb-c,true,74,106,24,24,side,IPX8,1.5,Aluminum,"camping,edc,value"
Skilhunt,skilhunt,CN,https://www.skilhunt.com,M150 V4,skilhunt-m150-v4,M150V4,"Flashlight of the Year 2025 winner. Compact 14500/AA EDC with perfect balance of size, output, and efficiency. Nichia 519A high-CRI LED.",2024,39.99,B0FKSG36YN,https://www.amazon.com/dp/B0FKSG36YN?tag=flashlightrat-20,57.90,13,4.9,https://m.media-amazon.com/images/I/61rvk7+u+oL.jpg,900,400,,,,,,hybrid,AA,none,true,52,89,22,20,side,IPX8,1.5,Aluminum,"edc,value"
Skilhunt,skilhunt,CN,https://www.skilhunt.com,M200,skilhunt-m200,M200,Rechargeable LED EDC flashlight with magnetic charging and tailcap magnet. Powerful compact light with enthusiast-friendly UI.,2024,71.90,B0FKT3LMJ1,https://www.amazon.com/dp/B0FKT3LMJ1?tag=flashlightrat-20,71.9,11,4.8,https://m.media-amazon.com/images/I/51vp-BJ32SL.jpg,1200,500,8500,184,110,180,65,hybrid,18650,magnetic,true,87,104,24,24,side,IPX8,1.0,Aluminum,"edc,camping,value"
Sofirn,sofirn,CN,https://www.sofirnlight.com,IF22A,sofirn-if22a,IF22A,Compact throw-focused flashlight with SFT-40 LED and TIR optic. Outstanding throw-per-dollar value in the 21700 class.,2022,69.99,B09SV4Q4PF,https://www.amazon.com/dp/B09SV4Q4PF?tag=flashlightrat-20,45.99,565,4.5,https://m.media-amazon.com/images/I/71NUkC4gc-L.jpg,2100,950,85000,680,75,120,45,throw,21700,usb-c,true,126,127,42,27,side,IPX8,1.0,Aluminum,"search-rescue,tactical"
Sofirn,sofirn,CN,https://www.sofirnlight.com,LT1,sofirn-lt1,LT1,Camping lantern with Anduril UI and adjustable color temperature. Community-designed USB-C rechargeable lantern with 3x 18650.,2021,49.99,B097MN6P1B,https://www.amazon.com/dp/B097MN6P1B?tag=flashlightrat-20,55.24,185,4.6,https://m.media-amazon.com/images/I/718AWq1cy8L.jpg,600,300,,,,,,flood,18650,usb-c,true,330,109,55,55,side,IPX8,1.0,Aluminum,"camping,value"
Sofirn,sofirn,CN,https://www.sofirnlight.com,SC31 Pro,sofirn-sc31-pro,SC31PRO,2000-lumen budget EDC flashlight with USB-C and Anduril 2 UI. Best-selling entry point into enthusiast-grade flashlights.,2022,29.99,B09L1634X6,https://www.amazon.com/dp/B09L1634X6?tag=flashlightrat-20,46.99,788,4.5,https://m.media-amazon.com/images/I/71UwTVJLUeL.jpg,2000,800,7200,170,60,120,45,hybrid,18650,usb-c,true,96,118,26,24,side,IPX8,1.5,Aluminum,"edc,value"
Sofirn,sofirn,CN,https://www.sofirnlight.com,SP31 V3,sofirn-sp31-v3,SP31V3,Tactical flashlight rechargeable with USB-C. Affordable quality tactical light with excellent community reviews.,2024,29.97,B0CYLQ35C7,https://www.amazon.com/dp/B0CYLQ35C7?tag=flashlightrat-20,29.97,413,4.5,https://m.media-amazon.com/images/I/61xAFI0WL6L.jpg,,,,,,,,hybrid,18650,usb-c,true,,,,,dual,IPX8,1.5,Aluminum,"tactical,value"
Sofirn,sofirn,CN,https://www.sofirnlight.com,SP35T,sofirn-sp35t,SP35T,3800-lumen tactical flashlight with SST-40 LED. Successor to the SP35 with significantly more output and tactical tail switch.,2022,49.99,B0BJ27NMJD,https://www.amazon.com/dp/B0BJ27NMJD?tag=flashlightrat-20,49.99,832,4.4,https://m.media-amazon.com/images/I/71q6m8S4Z3L.jpg,3800,1200,18000,250,120,180,60,hybrid,21700,usb-c,true,135,130,28,26,dual,IPX8,1.5,Aluminum,"tactical,edc,value"
Sofirn,sofirn,CN,https://www.sofirnlight.com,SP36 BLF,sofirn-sp36-blf,SP36BLF,5650-lumen soda-can style flashlight with Anduril firmware. Quad LH351D LEDs with exceptional CRI and USB-C charging.,2021,59.99,B09T2J2B6F,https://www.amazon.com/dp/B09T2J2B6F?tag=flashlightrat-20,72.99,200,4.4,https://m.media-amazon.com/images/I/714qaUGn-5L.jpg,5650,2000,11000,210,90,120,40,flood,18650,usb-c,true,310,122,50,50,side,IPX8,1.5,Aluminum,"camping,value"
Streamlight,streamlight,US,https://www.streamlight.com,MicroStream USB,streamlight-microstream-usb,66608,250-lumen EDC ultra-compact rechargeable penlight. One of the best-selling flashlights on Amazon with 31k+ ratings.,2019,36.23,B07DLZXZV1,https://www.amazon.com/dp/B07DLZXZV1?tag=flashlightrat-20,35.81,31223,4.6,https://m.media-amazon.com/images/I/81ahF6b1aLL.jpg,250,125,,,90,,,hybrid,,usb-c,true,,,,,tail,IPX4,1.0,Aluminum,"edc,value"
Streamlight,streamlight,US,https://www.streamlight.com,ProTac HL 6,streamlight-protac-hl-6,88132,5300-lumen high-output rechargeable tactical flashlight with USB-C charging. Streamlight's most powerful handheld.,2024,199.99,B0DBFHCVQ5,https://www.amazon.com/dp/B0DBFHCVQ5?tag=flashlightrat-20,189.99,78,4.5,https://m.media-amazon.com/images/I/61qGrWrtboL.jpg,5300,1800,80000,566,60,90,25,throw,21700,usb-c,true,350,182,50,35,tail,IPX7,1.0,Aluminum,"tactical,search-rescue"
Streamlight,streamlight,US,https://www.streamlight.com,ProTac HL-X,streamlight-protac-hl-x,88066,Widely used dual-fuel tactical light. Ten-TAP programmable with high/strobe/low modes. Standard issue for many LE agencies.,2017,89.99,B07B5CS8CG,https://www.amazon.com/dp/B07B5CS8CG?tag=flashlightrat-20,93,472,4.4,https://m.media-amazon.com/images/I/81Mr+JJCG8L.jpg,1000,500,27000,330,90,120,70,throw,CR123A,none,true,218,140,39,39,tail,IPX7,1.0,Aluminum,"tactical,camping"
Streamlight,streamlight,US,https://www.streamlight.com,ProTac RM HL-X,streamlight-protac-rm-hlx,88066R,1000-lumen rail-mount tactical weapon light with remote switch. Widely used by law enforcement and military.,2019,137.98,B06VTLLDH4,https://www.amazon.com/dp/B06VTLLDH4?tag=flashlightrat-20,137.98,4636,4.7,https://m.media-amazon.com/images/I/71Re8UyU9DL.jpg,1000,500,27000,330,90,,,throw,CR123A,none,true,,,,,tail,IPX7,1.0,Aluminum,"weapon-mount,tactical"
Streamlight,streamlight,US,https://www.streamlight.com,Siege AA,streamlight-siege-aa,44941,Compact camping lantern with 200 lumens and red/white modes. Runs on common AA batteries with 7-hour runtime.,2018,24.99,B00OW5AK22,https://www.amazon.com/dp/B00OW5AK22?tag=flashlightrat-20,34.49,1677,4.7,https://m.media-amazon.com/images/I/71qpAsOeryL.jpg,200,100,,,,,,flood,AA,none,true,,,,,side,IPX7,1.0,Polymer,"camping,survival,value"
Streamlight,streamlight,US,https://www.streamlight.com,Stinger 2020,streamlight-stinger-2020,78100,2000-lumen rechargeable duty flashlight. Updated version of the legendary Stinger with USB-C charging and high output.,2020,159.99,B08FVN41XP,https://www.amazon.com/dp/B08FVN41XP?tag=flashlightrat-20,143.31,1303,4.7,https://m.media-amazon.com/images/I/71GwN4vkS4S.jpg,2000,900,40000,400,120,180,60,throw,BUILTIN,usb-c,false,270,210,44,35,dual,IPX4,1.0,Aluminum,tactical
Streamlight,streamlight,US,https://www.streamlight.com,Stylus Pro,streamlight-stylus-pro,66118,100-lumen LED penlight with pocket clip. Ultra-slim aluminum body. Perfect inspection and backup light.,2012,22.99,B0015UC17E,https://www.amazon.com/dp/B0015UC17E?tag=flashlightrat-20,22.99,19035,4.7,https://m.media-amazon.com/images/I/61zNQEH+vhL.jpg,100,60,,,,,,flood,AAA,none,true,,,,,tail,IPX4,1.0,Aluminum,"edc,value"
Streamlight,streamlight,US,https://www.streamlight.com,TLR-1 HL,streamlight-tlr-1-hl,69260,"1000-lumen weapon-mounted light with 20,000 candela. Industry-standard pistol light for law enforcement and military.",2015,166.96,B00B8Q31UQ,https://www.amazon.com/dp/B00B8Q31UQ?tag=flashlightrat-20,166.96,18322,4.8,https://m.media-amazon.com/images/I/71OI816tYlL.jpg,1000,500,20000,283,90,,,flood,CR123A,none,true,136,90,37,37,side,IPX7,1.5,Aluminum,"weapon-mount,tactical"
Streamlight,streamlight,US,https://www.streamlight.com,TLR-7 X,streamlight-tlr-7-x,69424,500-lumen compact rail-mount weapon light with top-rear switch. Fits most full-size and compact pistols.,2021,153.93,B084SWJQG6,https://www.amazon.com/dp/B084SWJQG6?tag=flashlightrat-20,153.93,8565,4.8,https://m.media-amazon.com/images/I/71EKfEMScKL.jpg,500,300,,,90,,,flood,CR123A,none,true,,65,,,side,IPX7,1.5,Aluminum,"weapon-mount,tactical"
SureFire,surefire,US,https://www.surefire.com,EDCL2-T,surefire-edcl2-t,EDCL2T,1200-lumen dual-output tactical EDC flashlight with tactical tail switch. Compact CR123A-powered with SureFire reliability.,2018,179.00,B076XQ9834,https://www.amazon.com/dp/B076XQ9834?tag=flashlightrat-20,220.65,466,4.6,https://m.media-amazon.com/images/I/61rYkAsGLiL.jpg,1200,500,22000,297,75,90,30,throw,CR123A,none,true,125,137,28,25.4,tail,IPX7,1.0,Aluminum,"tactical,edc"
SureFire,surefire,US,https://www.surefire.com,G2X Tactical,surefire-g2x-tactical,G2XT,600-lumen dual-output LED flashlight with Nitrolon body. Affordable SureFire entry point with tactical tail switch.,2017,79.00,B009F7J8RA,https://www.amazon.com/dp/B009F7J8RA?tag=flashlightrat-20,72.68,838,4.7,https://m.media-amazon.com/images/I/51QHMDpGqaL.jpg,600,300,,,,,,hybrid,CR123A,none,true,136,132,28,25.4,tail,IPX7,1.0,Polymer,"tactical,edc,value"
SureFire,surefire,US,https://www.surefire.com,M640 U-Pro,surefire-m640-u-pro,M640U,1000-lumen Scout Light Pro weapon light with TIR lens. M-LOK and Picatinny compatible. Current-generation SureFire rifle light.,2022,279.99,B086QQ4295,https://www.amazon.com/dp/B086QQ4295?tag=flashlightrat-20,279.99,290,4.7,https://m.media-amazon.com/images/I/61Cy2HviFUL.jpg,1000,500,16000,250,90,110,60,hybrid,18650,none,true,184,155,25.4,25.4,tail,IPX7,1.0,Aluminum,"weapon-mount,tactical"
SureFire,surefire,US,https://www.surefire.com,Stiletto,surefire-stiletto,PLR-A,Slim rechargeable EDC flashlight with momentary-on primary switch. Pocket-clip carry like a folding knife. SureFire build quality.,2020,99.00,B07FXQVZTW,https://www.amazon.com/dp/B07FXQVZTW?tag=flashlightrat-20,94.98,875,4.6,https://m.media-amazon.com/images/I/71kQGTAnAuL.jpg,650,300,,,90,120,,,BUILTIN,usb-c,false,,117,22,16,side,IPX7,1.0,Aluminum,"edc,tactical"
SureFire,surefire,US,https://www.surefire.com,X300 Ultra,surefire-x300-ultra,X300U-A,Industry-standard 1000-lumen weapon-mounted light. Rail-mount for Picatinny and Glock. Trusted by military and LE worldwide.,2019,341.00,B07KH2VJT9,https://www.amazon.com/dp/B07KH2VJT9?tag=flashlightrat-20,341,498,4.4,https://m.media-amazon.com/images/I/81ehG-JxNWL.jpg,1000,500,20000,283,90,,,flood,CR123A,none,true,136,93,37,37,side,IPX7,1.5,Aluminum,"weapon-mount,tactical"
ThruNite,thrunite,CN,https://thrunite.com,Archer 2A C,thrunite-archer-2a-c,ARCH2AC,1000-lumen rechargeable AA EDC flashlight with USB-C charging. Updated Archer series with higher output and modern charging.,2024,32.90,B0CTCDPXFY,https://www.amazon.com/dp/B0CTCDPXFY?tag=flashlightrat-20,32.9,316,4.5,https://m.media-amazon.com/images/I/51-pL1xIOcL.jpg,1000,400,,,,,,hybrid,AA,usb-c,true,,,,,tail,IPX8,1.5,Aluminum,"edc,value"
ThruNite,thrunite,CN,https://thrunite.com,TN12 V6,thrunite-tn12-v6,TN12V6,1950-lumen tactical LED flashlight with dual switch. USB-C rechargeable with high output and long runtime. Updated classic.,2024,35.95,B0DHRPT48X,https://www.amazon.com/dp/B0DHRPT48X?tag=flashlightrat-20,35.95,50,4.6,https://m.media-amazon.com/images/I/61gasvm2aCL.jpg,1950,800,,,,,,hybrid,21700,usb-c,true,,,,,dual,IPX8,1.5,Aluminum,"tactical,edc,value"
ThruNite,thrunite,CN,https://thrunite.com,Catapult V6,thrunite-catapult-v6,CATV6,Compact dedicated thrower with Luminus SST-70 LED. 692m throw in a mid-size package with USB-C charging.,2021,79.95,B08V4Z7X6N,https://www.amazon.com/dp/B08V4Z7X6N?tag=flashlightrat-20,59.95,1893,4.6,https://m.media-amazon.com/images/I/61myFS91QNL.jpg,2836,1000,120000,692,60,90,30,throw,26650,usb-c,true,230,145,55,35,side,IPX8,1.5,Aluminum,"search-rescue,tactical"
ThruNite,thrunite,CN,https://thrunite.com,TC20 V3,thrunite-tc20-v3,TC20V3,4720-lumen high-output rechargeable flashlight with USB-C fast charging. Six modes including firefly. Excellent soda-can performer.,2024,69.95,B0G46KZ77P,https://www.amazon.com/dp/B0G46KZ77P?tag=flashlightrat-20,64.95,23,4.7,https://m.media-amazon.com/images/I/51a9Mc1svAL.jpg,4720,1500,,258,90,120,40,flood,21700,usb-c,true,195,140,46,32,side,IPX8,1.5,Aluminum,"camping,search-rescue"
Underwater Kinetics,underwater-kinetics,US,https://uwk.com,Light Cannon eLED,underwater-kinetics-light-cannon,LCEL1,Professional dive light rated for extreme depths. NiMH rechargeable with pistol grip. US-made for commercial diving and SAR.,2018,330.00,B07F6VZ3LS,https://www.amazon.com/dp/B07F6VZ3LS?tag=flashlightrat-20,330,28,3.8,https://m.media-amazon.com/images/I/61jY2LnOy5L.jpg,1100,600,8500,184,240,360,180,flood,,none,true,907,267,89,89,side,IPX8,2.0,Polymer,"diving,search-rescue"
Weltool,weltool,CN,https://www.weltool.com,M6-Dr,weltool-m6-dr,M6DR,Diagnostic medical penlight with no-glare warm LED. Top-selling medical flashlight. Perfect for clinical pupil assessment.,2020,19.99,B07KW4SP8M,https://www.amazon.com/dp/B07KW4SP8M?tag=flashlightrat-20,19.99,3445,4.7,https://m.media-amazon.com/images/I/61eQAZkNxzL.jpg,,,,,,,,flood,AAA,none,true,,,,,side,,,Aluminum,"edc,value"
Weltool,weltool,CN,https://www.weltool.com,T1 Pro,weltool-t1-pro,T1PRO,Tactical LED penlight with focused beam and stainless steel pocket clip. Purpose-built for law enforcement and medical professionals.,2022,34.99,B0FDG3RR8T,https://www.amazon.com/dp/B0FDG3RR8T?tag=flashlightrat-20,59.9,15,4,https://m.media-amazon.com/images/I/41dObHot6PL.jpg,250,125,,,,,,throw,AAA,none,true,,,,,tail,IPX8,1.0,Aluminum,"tactical,edc"
Wuben,wuben,CN,https://www.wubenlight.com,C3,wuben-c3,C3,1200-lumen rechargeable EDC flashlight with 160-degree wide beam. Budget best-seller on Amazon with 8k+ ratings. Climate Pledge Friendly.,2022,27.99,B08LG64XBV,https://www.amazon.com/dp/B08LG64XBV?tag=flashlightrat-20,25.99,8326,4.4,https://m.media-amazon.com/images/I/61jCRhoq1-L.jpg,1200,500,,,,,,flood,,usb-c,true,120,122,30,26,side,IP68,1.5,Aluminum,"edc,value"
Wuben,wuben,CN,https://www.wubenlight.com,G5,wuben-g5,G5,400-lumen rechargeable EDC flashlight with RGB light and magnetic keychain mount. Compact and fun everyday light.,2024,19.99,B0DT6SS412,https://www.amazon.com/dp/B0DT6SS412?tag=flashlightrat-20,19.99,6498,4.4,https://m.media-amazon.com/images/I/61SVJuOvwIL.jpg,400,200,,,,,,flood,,usb-c,false,38,68,20,20,side,IP65,1.0,Aluminum,"keychain,edc,value"
Wurkkos,wurkkos,CN,https://wurkkos.com,FC11C,wurkkos-fc11c,FC11C,Balanced EDC light with USB-C charging and simple UI. Great starter light with Nichia 519A high-CRI emitter and magnetic tailcap.,2024,29.99,B0D311QCJM,https://www.amazon.com/dp/B0D311QCJM?tag=flashlightrat-20,35.99,2279,4.3,https://m.media-amazon.com/images/I/61-Oz9MnuCL.jpg,1200,650,6100,156,95,145,65,hybrid,18650,usb-c,true,112,116,24,24,side,IPX8,1.5,Aluminum,"edc,camping,value"
Wurkkos,wurkkos,CN,https://wurkkos.com,FC12,wurkkos-fc12,FC12,2000-lumen tactical EDC flashlight with dual switches and USB-C charging. Budget tactical option with instant turbo access.,2023,29.99,B0DY7RVP5W,https://www.amazon.com/dp/B0DY7RVP5W?tag=flashlightrat-20,39.99,939,4.3,https://m.media-amazon.com/images/I/61lNhxMhyJL.jpg,2000,800,20000,283,60,90,30,hybrid,18650,usb-c,true,106,123,28,25,dual,IPX8,1.5,Aluminum,"tactical,edc,value"
Wurkkos,wurkkos,CN,https://wurkkos.com,HD01 PRO,wurkkos-hd01-pro,HD01PRO,6-in-1 flashlight with white laser and auxiliary LEDs. Multi-function EDC with USB-C charging and versatile beam options.,2024,69.99,B0DP6WN8S5,https://www.amazon.com/dp/B0DP6WN8S5?tag=flashlightrat-20,69.99,202,4.5,https://m.media-amazon.com/images/I/61YfZ+64IML.jpg,,,,,,,,hybrid,,usb-c,true,,,,,side,IPX8,1.5,Aluminum,"edc,tactical"
Wurkkos,wurkkos,CN,https://wurkkos.com,TD02,wurkkos-td02,TD02,LED tactical flashlight with super bright output. Affordable tactical option with USB-C charging and 1.3k+ ratings.,2023,32.99,B0C9LNZTT4,https://www.amazon.com/dp/B0C9LNZTT4?tag=flashlightrat-20,32.99,1286,4.4,https://m.media-amazon.com/images/I/61qIr4NN9GL.jpg,,,,,,,,hybrid,18650,usb-c,true,,,,,dual,IPX8,1.5,Aluminum,"tactical,value"
Wurkkos,wurkkos,CN,https://wurkkos.com,TS28,wurkkos-ts28,TS28,3200-lumen rechargeable LED flashlight with multiple modes and IP68 waterproof. High output for outdoor and emergency use.,2024,39.99,B0FNWFDJT9,https://www.amazon.com/dp/B0FNWFDJT9?tag=flashlightrat-20,39.99,86,4.4,https://m.media-amazon.com/images/I/71JXtcl5Q9L.jpg,3200,1200,,,,,,flood,21700,usb-c,true,,,,,side,IPX8,1.5,Aluminum,"camping,value"
Wurkkos,wurkkos,CN,https://wurkkos.com,DL46,wurkkos-dl46,DL46,20000-lumen professional dive light with 6x XHP50 LEDs and 100 CRI. USB-C rechargeable with magnetic rotary switch. IPX8 rated to 100m depth.,2024,149.99,B0F4QR8LGP,https://www.amazon.com/dp/B0F4QR8LGP?tag=flashlightrat-20,149.99,90,4.6,https://m.media-amazon.com/images/I/61wQiquVvFL.jpg,20000,5000,92205,608,180,330,,flood,21700,usb-c,true,,,,,side,IPX8,2.0,Aluminum,diving
Fenix,fenix,CN,https://www.fenixlighting.com,TK22 TAC,fenix-tk22-tac,TK22TAC,Duty-grade tactical flashlight with 2800 lumens and 540m throw from a Luminus SFT70 LED. The patented dual-function tactical toggle switch gives instant access to turbo and strobe for law enforcement and military applications. IP68 rated with 2m impact resistance.,2022,119.95,B0B5TX554V,https://www.amazon.com/dp/B0B5TX554V?tag=flashlightrat-20,119.95,580,4.7,https://m.media-amazon.com/images/I/51k-XEInjwL.jpg,2800,800,72900,540,210,0,180,throw,21700,usb-c,true,156,154,40,25.4,dual,IP68,2.0,Aluminum,"tactical,survival,search-rescue"
Streamlight,streamlight,US,https://www.streamlight.com,ProTac 2L-X,streamlight-protac-2l-x,88062,"Multi-fuel tactical EDC with TEN-TAP programmable switch. Runs on rechargeable SL-B26 or disposable CR123A batteries, making it ideal for survival situations where battery flexibility is critical. Tail switch gives instant momentary-on for tactical use.",2019,89.00,B06WD29DZ8,https://www.amazon.com/dp/B06WD29DZ8?tag=flashlightrat-20,59.99,4200,4.6,https://m.media-amazon.com/images/I/51CIVk4v34L.jpg,500,250,6800,165,120,0,0,hybrid,CR123A,none,true,111,131,25.4,22,tail,IPX7,2.0,Aluminum,"survival,tactical,edc,value"
Fenix,fenix,CN,https://www.fenixlighting.com,PD40R V3.0,fenix-pd40r-v3,PD40RV3,"High-performance rechargeable flashlight with 3000 lumens and 500m throw. The patented mechanical rotary switch allows intuitive one-handed mode selection, with a hard stop before strobe to prevent accidental activation. 23% farther throw than the previous version.",2023,119.95,B0C82NSYVG,https://www.amazon.com/dp/B0C82NSYVG?tag=flashlightrat-20,119.95,420,4.7,https://m.media-amazon.com/images/I/51jnBclmelL.jpg,3000,900,62500,500,200,0,120,throw,21700,usb-c,true,198,143,34,26,rotary,IP68,1.5,Aluminum,"search-rescue,survival,tactical"
Wurkkos,wurkkos,CN,https://wurkkos.com,DL06,wurkkos-dl06,DL06,"Massively powerful 15000-lumen dive light with six XHP50.2 LEDs and 100-degree wide beam angle. 100m depth-rated with IPX8, USB-C rechargeable, and doubles as a USB power bank. Built for night diving, cave exploration, and underwater video.",2024,129.99,B0FT7G4DQF,https://www.amazon.com/dp/B0FT7G4DQF?tag=flashlightrat-20,129.99,19,4.9,https://m.media-amazon.com/images/I/61FHDNYl8AL.jpg,15000,5000,,200,120,,60,flood,21700,usb-c,true,380,165,55,32,side,IPX8,1.0,Aluminum,"diving,camping,flood"
Sofirn,sofirn,CN,https://www.sofirnlight.com,SD05,sofirn-sd05,SD05,"Affordable yet powerful 3000-lumen scuba dive flashlight with magnetic ring switch for easy gloved operation. XHP50.2 LED provides bright, neutral-toned light underwater to 100m depth. Rechargeable with included 26650 battery. Excellent value for recreational divers.",2021,49.99,B088WDMDPT,https://www.amazon.com/dp/B088WDMDPT?tag=flashlightrat-20,36.99,890,4.3,https://m.media-amazon.com/images/I/51G89mg6PNL.jpg,3000,1000,,200,120,,0,flood,26650,none,true,285,156,42,32,magnetic,IPX8,1.5,Aluminum,"diving,value"
ThruNite,thrunite,CN,https://thrunite.com,Catapult Mini Pro,thrunite-catapult-mini-pro,CATMINIPRO,Ultra-compact 566m throw searchlight that fits in your palm. The Luminus SFT-70 LED produces 80200 candela for remarkable long-range reach. Ships with both 18350 battery and 18650 extension tube for versatile runtime options. Pocket-sized SAR capability.,2024,49.95,B0DBQFF5B7,https://www.amazon.com/dp/B0DBQFF5B7?tag=flashlightrat-20,49.95,350,4.6,https://m.media-amazon.com/images/I/51oWsBLtshL.jpg,2588,600,80200,566,47,0,45,throw,18350,usb-c,true,90,89.5,43,26,side,IPX8,1.5,Aluminum,"search-rescue,throw,edc,value"
Fenix,fenix,CN,https://www.fenixlighting.com,E06R,fenix-e06r,E06R,"Premium 3-in-1 keychain flashlight with 700 lumens from dual Luminus SST12 LEDs, plus UV light and red laser. USB-C rechargeable with magnetic tail for hands-free use. CNC machined aluminum with HAIII hard-anodized finish. 10 lighting modes in a sub-2-ounce package.",2025,55.95,B0DVWSWCC1,https://www.amazon.com/dp/B0DVWSWCC1?tag=flashlightrat-20,55.95,85,4.7,https://m.media-amazon.com/images/I/51SPHJ8DGLL.jpg,700,200,,110,60,0,0,flood,built-in,usb-c,false,54,69,29,16,side,IP66,1.0,Aluminum,"keychain,edc,value"
Olight,olight,CN,https://www.olight.com,I1R 2 Pro EOS,olight-i1r-2-pro-eos,I1R2PRO,"Ultra-compact twist keychain flashlight with USB-C charging and 180 lumens from a CSP LED with TIR optic. Weighing just 22g, it disappears on your keychain until needed. Simple twist-head operation, 12-hour runtime on low. 20% brighter than the original I1R 2.",2024,21.95,B0DX1GJR2T,https://www.amazon.com/dp/B0DX1GJR2T?tag=flashlightrat-20,21.95,1147,4.9,https://m.media-amazon.com/images/I/41hbyFIFANL.jpg,180,50,,48,12,0,0,flood,built-in,usb-c,false,22,51,15,15,twist,IPX8,1.0,Aluminum,"keychain,edc,value"
